{"X_0": [-0.010542054999999828, -0.03534016500000092, -0.07782394000000126, -0.05158437499999968, -0.03441604500000173, -0.23192252000000135, -0.032125775000000134, -0.021896780000001614], "Y_k": [1.490457075000001, 1.515859414999999, 1.513756930000003, 1.4907096499999983, 1.4806189199999995, 1.5148863750000008, 1.5328615050000014, 1.501876049999999], "Y_0": [-0.032241075000001396, 0.028450305000000453, -0.008537900000001097, 0.013884029999999603, -0.0032821700000004173, 0.004941355000001479, 0.009961265000000497, 0.010047479999999331], "X_k": [1.4966204449999996, 1.515767404999999, 1.5227741, 1.4962821550000007, 1.4777007350000009, 1.4683931400000003, 1.4773787149999984, 1.4830849500000016], "Z_0": [0.04921841999999965, -0.03468939999999998, -0.0163202850000016, -0.06060334500000175, -0.007528240000002295, 0.06621372499999956, -0.03349615000000061, 0.013091845000001046], "Z_k": [1.540003609999999, 1.4660654100000008, 1.4743997049999988, 1.477442465000001, 1.5159097799999999, 1.4772076950000006, 1.465444480000001, 1.5160951650000023]}